image_id,healthy,multiple_diseases,rust,scab
Test_0,0.4,0.07,0.03,0.5
Test_1,0.0,0.08,0.92,0.0
Test_2,0.16,0.06,0.02,0.75
Test_3,0.35,0.06,0.04,0.56
Test_4,0.0,0.0,1.0,0.0
Test_5,0.44,0.06,0.03,0.48
Test_6,0.15,0.11,0.05,0.69
Test_7,0.15,0.09,0.03,0.73
Test_8,0.16,0.04,0.02,0.78
Test_9,0.02,0.07,0.91,0.0
Test_10,0.05,0.13,0.79,0.02
Test_11,0.72,0.06,0.06,0.16
Test_12,0.23,0.11,0.05,0.61
Test_13,0.21,0.09,0.04,0.65
Test_14,0.0,0.11,0.89,0.0
Test_15,0.0,0.01,0.99,0.0
Test_16,0.44,0.11,0.13,0.31
Test_17,0.16,0.08,0.07,0.69
Test_18,0.2,0.07,0.03,0.7
Test_19,0.0,0.09,0.91,0.0
Test_20,0.29,0.06,0.03,0.62
Test_21,0.17,0.04,0.02,0.77
Test_22,0.0,0.0,1.0,0.0
Test_23,0.14,0.07,0.04,0.76
Test_24,0.29,0.03,0.01,0.66
Test_25,0.2,0.1,0.04,0.66
Test_26,0.39,0.05,0.03,0.53
Test_27,0.0,0.02,0.98,0.0
Test_28,0.33,0.06,0.08,0.54
Test_29,0.03,0.45,0.44,0.08
Test_30,0.44,0.06,0.02,0.48
Test_31,0.0,0.09,0.91,0.0
Test_32,0.32,0.04,0.03,0.61
Test_33,0.26,0.08,0.03,0.62
Test_34,0.16,0.03,0.01,0.81
Test_35,0.13,0.03,0.01,0.83
Test_36,0.0,0.12,0.88,0.0
Test_37,0.28,0.04,0.02,0.66
Test_38,0.27,0.07,0.03,0.63
Test_39,0.0,0.04,0.96,0.0
Test_40,0.0,0.17,0.83,0.0
Test_41,0.0,0.06,0.94,0.0
Test_42,0.19,0.1,0.03,0.68
Test_43,0.05,0.11,0.83,0.01
Test_44,0.41,0.03,0.03,0.53
Test_45,0.4,0.09,0.46,0.04
Test_46,0.42,0.14,0.1,0.34
Test_47,0.0,0.0,1.0,0.0
Test_48,0.0,0.0,1.0,0.0
Test_49,0.0,0.26,0.74,0.0
Test_50,0.0,0.12,0.87,0.0
Test_51,0.0,0.06,0.94,0.0
Test_52,0.0,0.01,0.99,0.0
Test_53,0.0,0.0,1.0,0.0
Test_54,0.69,0.08,0.17,0.07
Test_55,0.2,0.05,0.01,0.74
Test_56,0.18,0.12,0.05,0.64
Test_57,0.27,0.08,0.03,0.62
Test_58,0.21,0.05,0.02,0.71
Test_59,0.36,0.14,0.46,0.03
Test_60,0.43,0.08,0.06,0.43
Test_61,0.42,0.07,0.05,0.45
Test_62,0.51,0.09,0.1,0.29
Test_63,0.34,0.23,0.14,0.29
Test_64,0.47,0.03,0.02,0.48
Test_65,0.0,0.26,0.73,0.0
Test_66,0.76,0.07,0.09,0.07
Test_67,0.0,0.15,0.85,0.0
Test_68,0.08,0.27,0.5,0.15
Test_69,0.0,0.02,0.98,0.0
Test_70,0.36,0.13,0.09,0.42
Test_71,0.52,0.13,0.13,0.22
Test_72,0.24,0.08,0.03,0.66
Test_73,0.46,0.06,0.1,0.38
Test_74,0.49,0.08,0.06,0.37
Test_75,0.54,0.04,0.09,0.33
Test_76,0.14,0.03,0.01,0.81
Test_77,0.01,0.13,0.85,0.01
Test_78,0.16,0.06,0.02,0.76
Test_79,0.72,0.04,0.13,0.12
Test_80,0.0,0.0,1.0,0.0
Test_81,0.02,0.44,0.51,0.03
Test_82,0.55,0.06,0.04,0.36
Test_83,0.0,0.1,0.9,0.0
Test_84,0.21,0.03,0.01,0.75
Test_85,0.31,0.04,0.02,0.63
Test_86,0.0,0.04,0.96,0.0
Test_87,0.63,0.03,0.04,0.3
Test_88,0.87,0.03,0.05,0.05
Test_89,0.23,0.04,0.02,0.72
Test_90,0.0,0.02,0.98,0.0
Test_91,0.24,0.15,0.06,0.54
Test_92,0.17,0.04,0.01,0.78
Test_93,0.0,0.01,0.99,0.0
Test_94,0.22,0.07,0.03,0.67
Test_95,0.24,0.09,0.03,0.64
Test_96,0.13,0.03,0.01,0.83
Test_97,0.31,0.03,0.01,0.65
Test_98,0.18,0.12,0.06,0.65
Test_99,0.35,0.06,0.06,0.53
Test_100,0.21,0.1,0.04,0.65
Test_101,0.56,0.02,0.02,0.4
Test_102,0.41,0.05,0.04,0.5
Test_103,0.61,0.05,0.06,0.28
Test_104,0.23,0.09,0.03,0.65
Test_105,0.17,0.04,0.01,0.77
Test_106,0.55,0.04,0.05,0.37
Test_107,0.0,0.05,0.95,0.0
Test_108,0.27,0.09,0.03,0.61
Test_109,0.27,0.08,0.58,0.07
Test_110,0.51,0.04,0.1,0.35
Test_111,0.4,0.02,0.03,0.56
Test_112,0.0,0.11,0.89,0.0
Test_113,0.74,0.05,0.03,0.19
Test_114,0.36,0.1,0.41,0.13
Test_115,0.0,0.06,0.93,0.0
Test_116,0.0,0.03,0.97,0.0
Test_117,0.0,0.01,0.99,0.0
Test_118,0.0,0.03,0.97,0.0
Test_119,0.67,0.06,0.19,0.08
Test_120,0.01,0.25,0.74,0.0
Test_121,0.03,0.24,0.71,0.03
Test_122,0.0,0.29,0.7,0.0
Test_123,0.0,0.01,0.99,0.0
Test_124,0.22,0.07,0.03,0.69
Test_125,0.66,0.08,0.07,0.19
Test_126,0.78,0.03,0.05,0.14
Test_127,0.2,0.04,0.03,0.73
Test_128,0.27,0.22,0.38,0.12
Test_129,0.0,0.09,0.91,0.0
Test_130,0.25,0.09,0.03,0.64
Test_131,0.15,0.04,0.01,0.79
Test_132,0.72,0.02,0.02,0.25
Test_133,0.24,0.11,0.05,0.61
Test_134,0.45,0.03,0.04,0.48
Test_135,0.0,0.01,0.99,0.0
Test_136,0.18,0.04,0.01,0.76
Test_137,0.0,0.0,1.0,0.0
Test_138,0.02,0.25,0.72,0.01
Test_139,0.83,0.02,0.06,0.09
Test_140,0.06,0.24,0.56,0.13
Test_141,0.15,0.06,0.02,0.77
Test_142,0.13,0.06,0.02,0.79
Test_143,0.37,0.08,0.03,0.52
Test_144,0.22,0.05,0.02,0.71
Test_145,0.3,0.08,0.04,0.58
Test_146,0.0,0.02,0.98,0.0
Test_147,0.03,0.19,0.77,0.01
Test_148,0.64,0.07,0.04,0.25
Test_149,0.03,0.06,0.9,0.0
Test_150,0.56,0.08,0.05,0.31
Test_151,0.0,0.0,1.0,0.0
Test_152,0.0,0.0,1.0,0.0
Test_153,0.18,0.06,0.02,0.73
Test_154,0.0,0.02,0.98,0.0
Test_155,0.0,0.13,0.87,0.0
Test_156,0.52,0.06,0.07,0.35
Test_157,0.06,0.13,0.78,0.02
Test_158,0.18,0.04,0.02,0.77
Test_159,0.0,0.38,0.61,0.0
Test_160,0.3,0.02,0.01,0.68
Test_161,0.35,0.05,0.03,0.56
Test_162,0.0,0.09,0.91,0.0
Test_163,0.0,0.33,0.66,0.0
Test_164,0.23,0.04,0.02,0.71
Test_165,0.23,0.08,0.03,0.67
Test_166,0.0,0.07,0.93,0.0
Test_167,0.0,0.02,0.98,0.0
Test_168,0.04,0.24,0.7,0.03
Test_169,0.01,0.12,0.87,0.0
Test_170,0.12,0.07,0.02,0.79
Test_171,0.0,0.03,0.97,0.0
Test_172,0.0,0.14,0.85,0.0
Test_173,0.0,0.01,0.99,0.0
Test_174,0.36,0.05,0.02,0.56
Test_175,0.3,0.1,0.04,0.57
Test_176,0.0,0.05,0.95,0.0
Test_177,0.17,0.06,0.02,0.75
Test_178,0.1,0.05,0.02,0.83
Test_179,0.01,0.12,0.87,0.01
Test_180,0.0,0.07,0.93,0.0
Test_181,0.22,0.08,0.03,0.68
Test_182,0.0,0.25,0.75,0.0
Test_183,0.24,0.07,0.03,0.66
Test_184,0.63,0.04,0.13,0.21
Test_185,0.32,0.21,0.34,0.12
Test_186,0.39,0.05,0.05,0.51
Test_187,0.0,0.05,0.95,0.0
Test_188,0.0,0.07,0.93,0.0
Test_189,0.3,0.1,0.05,0.55
Test_190,0.0,0.01,0.99,0.0
Test_191,0.03,0.2,0.76,0.01
Test_192,0.1,0.26,0.4,0.24
Test_193,0.0,0.01,0.99,0.0
Test_194,0.0,0.07,0.93,0.0
Test_195,0.31,0.13,0.05,0.52
Test_196,0.38,0.07,0.03,0.52
Test_197,0.41,0.1,0.31,0.19
Test_198,0.44,0.03,0.01,0.51
Test_199,0.03,0.25,0.58,0.14
Test_200,0.06,0.15,0.78,0.01
Test_201,0.19,0.13,0.07,0.61
Test_202,0.05,0.14,0.79,0.01
Test_203,0.0,0.07,0.93,0.0
Test_204,0.3,0.11,0.05,0.54
Test_205,0.17,0.04,0.01,0.77
Test_206,0.35,0.05,0.02,0.58
Test_207,0.02,0.19,0.71,0.08
Test_208,0.51,0.08,0.12,0.29
Test_209,0.0,0.0,1.0,0.0
Test_210,0.37,0.13,0.1,0.39
Test_211,0.29,0.28,0.26,0.16
Test_212,0.0,0.01,0.99,0.0
Test_213,0.0,0.06,0.94,0.0
Test_214,0.0,0.0,1.0,0.0
Test_215,0.6,0.06,0.03,0.31
Test_216,0.6,0.06,0.03,0.31
Test_217,0.17,0.05,0.01,0.77
Test_218,0.59,0.04,0.02,0.35
Test_219,0.0,0.07,0.92,0.0
Test_220,0.25,0.07,0.03,0.65
Test_221,0.47,0.06,0.02,0.44
Test_222,0.03,0.08,0.89,0.0
Test_223,0.0,0.02,0.98,0.0
Test_224,0.58,0.04,0.19,0.18
Test_225,0.57,0.04,0.06,0.33
Test_226,0.0,0.01,0.99,0.0
Test_227,0.21,0.12,0.05,0.62
Test_228,0.0,0.04,0.96,0.0
Test_229,0.0,0.01,0.99,0.0
Test_230,0.12,0.03,0.01,0.83
Test_231,0.14,0.03,0.01,0.82
Test_232,0.83,0.03,0.03,0.11
Test_233,0.37,0.08,0.06,0.49
Test_234,0.2,0.05,0.02,0.73
Test_235,0.24,0.05,0.02,0.69
Test_236,0.29,0.19,0.23,0.29
Test_237,0.2,0.03,0.02,0.75
Test_238,0.0,0.0,1.0,0.0
Test_239,0.0,0.05,0.94,0.0
Test_240,0.0,0.06,0.94,0.0
Test_241,0.0,0.09,0.91,0.0
Test_242,0.39,0.02,0.01,0.58
Test_243,0.66,0.02,0.06,0.26
Test_244,0.36,0.05,0.05,0.54
Test_245,0.0,0.29,0.71,0.0
Test_246,0.32,0.06,0.03,0.59
Test_247,0.22,0.1,0.04,0.64
Test_248,0.23,0.07,0.02,0.68
Test_249,0.0,0.13,0.86,0.0
Test_250,0.64,0.08,0.05,0.23
Test_251,0.28,0.14,0.06,0.51
Test_252,0.18,0.17,0.62,0.03
Test_253,0.31,0.1,0.04,0.55
Test_254,0.19,0.09,0.03,0.68
Test_255,0.14,0.12,0.05,0.69
Test_256,0.28,0.11,0.04,0.56
Test_257,0.01,0.1,0.88,0.0
Test_258,0.37,0.24,0.18,0.21
Test_259,0.51,0.04,0.06,0.39
Test_260,0.17,0.04,0.02,0.78
Test_261,0.0,0.18,0.82,0.0
Test_262,0.4,0.07,0.05,0.48
Test_263,0.57,0.08,0.04,0.3
Test_264,0.36,0.06,0.02,0.56
Test_265,0.0,0.0,1.0,0.0
Test_266,0.24,0.07,0.03,0.67
Test_267,0.33,0.03,0.02,0.62
Test_268,0.0,0.06,0.94,0.0
Test_269,0.21,0.09,0.04,0.66
Test_270,0.27,0.07,0.02,0.64
Test_271,0.25,0.04,0.03,0.68
Test_272,0.0,0.1,0.9,0.0
Test_273,0.7,0.03,0.08,0.2
Test_274,0.0,0.03,0.97,0.0
Test_275,0.0,0.0,1.0,0.0
Test_276,0.13,0.31,0.2,0.36
Test_277,0.38,0.03,0.01,0.58
Test_278,0.24,0.09,0.04,0.62
Test_279,0.0,0.06,0.94,0.0
Test_280,0.23,0.08,0.03,0.66
Test_281,0.42,0.06,0.03,0.49
Test_282,0.24,0.23,0.16,0.37
Test_283,0.0,0.1,0.9,0.0
Test_284,0.0,0.07,0.93,0.0
Test_285,0.61,0.04,0.05,0.3
Test_286,0.17,0.04,0.01,0.78
Test_287,0.25,0.08,0.05,0.63
Test_288,0.11,0.13,0.06,0.7
Test_289,0.13,0.03,0.01,0.83
Test_290,0.0,0.28,0.72,0.0
Test_291,0.01,0.19,0.8,0.0
Test_292,0.65,0.07,0.09,0.19
Test_293,0.0,0.02,0.98,0.0
Test_294,0.04,0.12,0.83,0.01
Test_295,0.0,0.04,0.96,0.0
Test_296,0.17,0.17,0.2,0.46
Test_297,0.19,0.08,0.03,0.7
Test_298,0.0,0.02,0.98,0.0
Test_299,0.02,0.47,0.47,0.04
Test_300,0.81,0.01,0.02,0.15
Test_301,0.16,0.1,0.04,0.7
Test_302,0.27,0.1,0.05,0.58
Test_303,0.34,0.12,0.05,0.5
Test_304,0.51,0.1,0.04,0.34
Test_305,0.29,0.08,0.03,0.6
Test_306,0.4,0.11,0.07,0.43
Test_307,0.64,0.08,0.07,0.22
Test_308,0.24,0.25,0.3,0.21
Test_309,0.0,0.0,1.0,0.0
Test_310,0.0,0.03,0.97,0.0
Test_311,0.0,0.02,0.98,0.0
Test_312,0.26,0.04,0.02,0.68
Test_313,0.61,0.05,0.05,0.29
Test_314,0.19,0.05,0.02,0.73
Test_315,0.11,0.03,0.01,0.85
Test_316,0.0,0.01,0.99,0.0
Test_317,0.02,0.18,0.77,0.04
Test_318,0.8,0.05,0.05,0.1
Test_319,0.0,0.0,1.0,0.0
Test_320,0.02,0.17,0.81,0.01
Test_321,0.33,0.11,0.04,0.53
Test_322,0.23,0.16,0.08,0.53
Test_323,0.2,0.08,0.7,0.02
Test_324,0.0,0.0,1.0,0.0
Test_325,0.25,0.06,0.02,0.67
Test_326,0.01,0.43,0.56,0.0
Test_327,0.23,0.07,0.02,0.68
Test_328,0.0,0.0,1.0,0.0
Test_329,0.0,0.0,1.0,0.0
Test_330,0.0,0.02,0.98,0.0
Test_331,0.5,0.14,0.08,0.28
Test_332,0.66,0.04,0.07,0.24
Test_333,0.0,0.04,0.96,0.0
Test_334,0.0,0.02,0.98,0.0
Test_335,0.56,0.04,0.09,0.31
Test_336,0.0,0.17,0.82,0.0
Test_337,0.69,0.02,0.09,0.19
Test_338,0.62,0.05,0.05,0.28
Test_339,0.02,0.35,0.61,0.02
Test_340,0.8,0.04,0.07,0.09
Test_341,0.62,0.03,0.1,0.25
Test_342,0.25,0.05,0.03,0.67
Test_343,0.31,0.01,0.01,0.68
Test_344,0.0,0.0,1.0,0.0
Test_345,0.01,0.03,0.96,0.0
Test_346,0.0,0.02,0.98,0.0
Test_347,0.0,0.0,1.0,0.0
Test_348,0.18,0.11,0.04,0.67
Test_349,0.17,0.19,0.21,0.43
Test_350,0.48,0.06,0.03,0.42
Test_351,0.0,0.02,0.98,0.0
Test_352,0.46,0.08,0.03,0.43
Test_353,0.29,0.26,0.28,0.16
Test_354,0.0,0.0,1.0,0.0
Test_355,0.64,0.09,0.06,0.21
Test_356,0.58,0.07,0.04,0.32
Test_357,0.59,0.05,0.09,0.27
Test_358,0.26,0.14,0.06,0.54
Test_359,0.29,0.04,0.02,0.65
Test_360,0.26,0.09,0.03,0.61
Test_361,0.73,0.02,0.03,0.22
Test_362,0.2,0.03,0.01,0.75
Test_363,0.0,0.08,0.92,0.0
Test_364,0.0,0.0,1.0,0.0
Test_365,0.0,0.0,1.0,0.0
Test_366,0.0,0.01,0.99,0.0
Test_367,0.32,0.05,0.03,0.6
Test_368,0.32,0.1,0.04,0.55
Test_369,0.15,0.18,0.08,0.59
Test_370,0.0,0.04,0.96,0.0
Test_371,0.0,0.02,0.98,0.0
Test_372,0.32,0.08,0.05,0.55
Test_373,0.0,0.03,0.97,0.0
Test_374,0.0,0.03,0.97,0.0
Test_375,0.37,0.07,0.03,0.53
Test_376,0.76,0.04,0.07,0.12
Test_377,0.29,0.12,0.05,0.54
Test_378,0.0,0.01,0.99,0.0
Test_379,0.13,0.21,0.36,0.29
Test_380,0.33,0.11,0.05,0.51
Test_381,0.31,0.04,0.03,0.62
Test_382,0.24,0.1,0.05,0.6
Test_383,0.55,0.03,0.02,0.4
Test_384,0.0,0.0,1.0,0.0
Test_385,0.21,0.05,0.02,0.73
Test_386,0.0,0.4,0.6,0.0
Test_387,0.27,0.06,0.03,0.64
Test_388,0.32,0.11,0.05,0.52
Test_389,0.64,0.08,0.05,0.23
Test_390,0.36,0.08,0.03,0.53
Test_391,0.0,0.02,0.97,0.0
Test_392,0.11,0.35,0.35,0.2
Test_393,0.3,0.07,0.03,0.61
Test_394,0.51,0.04,0.04,0.41
Test_395,0.0,0.02,0.98,0.0
Test_396,0.3,0.07,0.03,0.6
Test_397,0.32,0.08,0.07,0.53
Test_398,0.0,0.0,1.0,0.0
Test_399,0.47,0.02,0.01,0.49
Test_400,0.0,0.13,0.87,0.0
Test_401,0.0,0.08,0.92,0.0
Test_402,0.16,0.06,0.02,0.75
Test_403,0.33,0.24,0.3,0.13
Test_404,0.21,0.07,0.03,0.69
Test_405,0.17,0.03,0.01,0.79
Test_406,0.2,0.09,0.03,0.68
Test_407,0.15,0.05,0.01,0.78
Test_408,0.21,0.16,0.07,0.56
Test_409,0.03,0.33,0.6,0.03
Test_410,0.26,0.09,0.03,0.62
Test_411,0.52,0.05,0.18,0.26
Test_412,0.26,0.2,0.32,0.22
Test_413,0.38,0.03,0.02,0.57
Test_414,0.0,0.04,0.96,0.0
Test_415,0.0,0.06,0.94,0.0
Test_416,0.32,0.1,0.11,0.47
Test_417,0.0,0.01,0.99,0.0
Test_418,0.49,0.1,0.06,0.35
Test_419,0.4,0.18,0.19,0.23
Test_420,0.0,0.0,1.0,0.0
Test_421,0.3,0.07,0.03,0.6
Test_422,0.5,0.02,0.01,0.47
Test_423,0.0,0.0,1.0,0.0
Test_424,0.01,0.35,0.64,0.01
Test_425,0.22,0.04,0.01,0.72
Test_426,0.0,0.09,0.91,0.0
Test_427,0.18,0.04,0.02,0.77
Test_428,0.17,0.03,0.01,0.78
Test_429,0.0,0.0,1.0,0.0
Test_430,0.0,0.13,0.86,0.0
Test_431,0.17,0.18,0.16,0.49
Test_432,0.21,0.06,0.02,0.71
Test_433,0.08,0.02,0.01,0.89
Test_434,0.15,0.04,0.01,0.8
Test_435,0.23,0.05,0.02,0.7
Test_436,0.26,0.04,0.03,0.67
Test_437,0.0,0.04,0.96,0.0
Test_438,0.0,0.02,0.98,0.0
Test_439,0.0,0.07,0.93,0.0
Test_440,0.0,0.03,0.97,0.0
Test_441,0.28,0.19,0.16,0.37
Test_442,0.0,0.0,1.0,0.0
Test_443,0.28,0.16,0.47,0.09
Test_444,0.22,0.05,0.02,0.71
Test_445,0.0,0.02,0.98,0.0
Test_446,0.01,0.26,0.73,0.01
Test_447,0.0,0.05,0.95,0.0
Test_448,0.0,0.0,1.0,0.0
Test_449,0.21,0.08,0.04,0.67
Test_450,0.01,0.17,0.81,0.01
Test_451,0.0,0.02,0.98,0.0
Test_452,0.02,0.12,0.85,0.01
Test_453,0.14,0.04,0.01,0.81
Test_454,0.0,0.02,0.98,0.0
Test_455,0.13,0.08,0.02,0.77
Test_456,0.0,0.1,0.9,0.0
Test_457,0.16,0.04,0.01,0.8
Test_458,0.35,0.11,0.12,0.41
Test_459,0.0,0.03,0.97,0.0
Test_460,0.37,0.03,0.02,0.58
Test_461,0.23,0.06,0.03,0.68
Test_462,0.0,0.12,0.88,0.0
Test_463,0.11,0.12,0.07,0.69
Test_464,0.38,0.07,0.09,0.46
Test_465,0.0,0.0,1.0,0.0
Test_466,0.0,0.06,0.94,0.0
Test_467,0.19,0.15,0.07,0.59
Test_468,0.58,0.12,0.2,0.1
Test_469,0.0,0.06,0.94,0.0
Test_470,0.25,0.14,0.34,0.27
Test_471,0.01,0.1,0.89,0.0
Test_472,0.19,0.09,0.04,0.69
Test_473,0.1,0.32,0.31,0.27
Test_474,0.0,0.12,0.88,0.0
Test_475,0.19,0.13,0.05,0.62
Test_476,0.1,0.03,0.02,0.86
Test_477,0.24,0.12,0.05,0.59
Test_478,0.21,0.11,0.05,0.64
Test_479,0.84,0.01,0.04,0.11
Test_480,0.0,0.03,0.97,0.0
Test_481,0.56,0.11,0.09,0.23
Test_482,0.17,0.03,0.01,0.8
Test_483,0.01,0.16,0.84,0.0
Test_484,0.25,0.09,0.03,0.62
Test_485,0.73,0.08,0.09,0.1
Test_486,0.23,0.13,0.05,0.59
Test_487,0.67,0.07,0.08,0.17
Test_488,0.0,0.07,0.93,0.0
Test_489,0.0,0.0,1.0,0.0
Test_490,0.0,0.06,0.94,0.0
Test_491,0.0,0.16,0.83,0.0
Test_492,0.33,0.04,0.02,0.61
Test_493,0.55,0.11,0.06,0.28
Test_494,0.0,0.06,0.94,0.0
Test_495,0.11,0.06,0.02,0.81
Test_496,0.48,0.04,0.05,0.43
Test_497,0.16,0.08,0.05,0.71
Test_498,0.2,0.05,0.01,0.74
Test_499,0.0,0.03,0.97,0.0
Test_500,0.2,0.04,0.76,0.0
Test_501,0.49,0.02,0.02,0.47
Test_502,0.66,0.1,0.11,0.13
Test_503,0.0,0.07,0.93,0.0
Test_504,0.87,0.02,0.05,0.05
Test_505,0.29,0.04,0.02,0.65
Test_506,0.0,0.03,0.97,0.0
Test_507,0.0,0.14,0.85,0.01
Test_508,0.0,0.02,0.98,0.0
Test_509,0.0,0.01,0.99,0.0
Test_510,0.0,0.0,1.0,0.0
Test_511,0.15,0.12,0.05,0.67
Test_512,0.86,0.02,0.05,0.07
Test_513,0.16,0.04,0.02,0.78
Test_514,0.26,0.16,0.06,0.51
Test_515,0.0,0.01,0.99,0.0
Test_516,0.0,0.02,0.98,0.0
Test_517,0.23,0.18,0.08,0.51
Test_518,0.0,0.04,0.96,0.0
Test_519,0.16,0.29,0.42,0.13
Test_520,0.0,0.0,1.0,0.0
Test_521,0.28,0.06,0.02,0.63
Test_522,0.0,0.03,0.97,0.0
Test_523,0.01,0.09,0.89,0.01
Test_524,0.0,0.03,0.97,0.0
Test_525,0.56,0.15,0.12,0.17
Test_526,0.01,0.26,0.72,0.01
Test_527,0.84,0.01,0.14,0.01
Test_528,0.0,0.06,0.94,0.0
Test_529,0.12,0.14,0.14,0.6
Test_530,0.21,0.07,0.04,0.69
Test_531,0.0,0.01,0.99,0.0
Test_532,0.54,0.06,0.14,0.26
Test_533,0.46,0.17,0.26,0.11
Test_534,0.26,0.02,0.01,0.71
Test_535,0.0,0.01,0.99,0.0
Test_536,0.0,0.01,0.99,0.0
Test_537,0.0,0.0,1.0,0.0
Test_538,0.15,0.04,0.01,0.79
Test_539,0.0,0.0,1.0,0.0
Test_540,0.0,0.01,0.99,0.0
Test_541,0.52,0.07,0.05,0.37
Test_542,0.85,0.03,0.06,0.06
Test_543,0.01,0.51,0.45,0.03
Test_544,0.03,0.24,0.71,0.03
Test_545,0.0,0.22,0.78,0.0
Test_546,0.53,0.08,0.04,0.35
Test_547,0.0,0.01,0.99,0.0
Test_548,0.0,0.02,0.98,0.0
Test_549,0.3,0.05,0.06,0.59
Test_550,0.13,0.05,0.02,0.79
Test_551,0.54,0.06,0.03,0.37
Test_552,0.0,0.03,0.97,0.0
Test_553,0.28,0.14,0.09,0.5
Test_554,0.23,0.02,0.01,0.73
Test_555,0.36,0.08,0.03,0.53
Test_556,0.37,0.09,0.04,0.51
Test_557,0.0,0.17,0.83,0.0
Test_558,0.0,0.09,0.91,0.0
Test_559,0.49,0.08,0.04,0.38
Test_560,0.0,0.0,1.0,0.0
Test_561,0.0,0.08,0.92,0.0
Test_562,0.0,0.08,0.91,0.0
Test_563,0.0,0.07,0.92,0.0
Test_564,0.0,0.16,0.84,0.0
Test_565,0.0,0.05,0.95,0.0
Test_566,0.0,0.01,0.99,0.0
Test_567,0.26,0.06,0.03,0.64
Test_568,0.48,0.1,0.37,0.05
Test_569,0.53,0.06,0.25,0.16
Test_570,0.2,0.05,0.02,0.73
Test_571,0.0,0.04,0.96,0.0
Test_572,0.33,0.07,0.05,0.54
Test_573,0.47,0.06,0.03,0.44
Test_574,0.28,0.06,0.03,0.64
Test_575,0.2,0.09,0.03,0.68
Test_576,0.44,0.15,0.11,0.3
Test_577,0.17,0.07,0.04,0.72
Test_578,0.02,0.08,0.89,0.01
Test_579,0.63,0.06,0.14,0.17
Test_580,0.0,0.01,0.99,0.0
Test_581,0.12,0.04,0.83,0.01
Test_582,0.0,0.17,0.83,0.0
Test_583,0.39,0.03,0.04,0.54
Test_584,0.31,0.04,0.03,0.62
Test_585,0.0,0.04,0.96,0.0
Test_586,0.52,0.05,0.03,0.4
Test_587,0.0,0.04,0.96,0.0
Test_588,0.0,0.02,0.98,0.0
Test_589,0.8,0.04,0.06,0.1
Test_590,0.0,0.1,0.9,0.0
Test_591,0.0,0.05,0.95,0.0
Test_592,0.35,0.07,0.03,0.55
Test_593,0.0,0.12,0.88,0.0
Test_594,0.0,0.0,1.0,0.0
Test_595,0.15,0.09,0.03,0.72
Test_596,0.4,0.08,0.09,0.43
Test_597,0.17,0.05,0.02,0.77
Test_598,0.1,0.11,0.78,0.01
Test_599,0.23,0.09,0.04,0.64
Test_600,0.0,0.01,0.99,0.0
Test_601,0.47,0.08,0.04,0.41
Test_602,0.26,0.06,0.02,0.66
Test_603,0.47,0.06,0.03,0.44
Test_604,0.0,0.15,0.84,0.0
Test_605,0.42,0.08,0.03,0.48
Test_606,0.29,0.06,0.03,0.62
Test_607,0.14,0.02,0.0,0.84
Test_608,0.27,0.05,0.02,0.65
Test_609,0.35,0.1,0.06,0.49
Test_610,0.2,0.21,0.11,0.48
Test_611,0.44,0.05,0.02,0.5
Test_612,0.0,0.0,1.0,0.0
Test_613,0.17,0.07,0.03,0.73
Test_614,0.0,0.23,0.76,0.0
Test_615,0.0,0.04,0.96,0.0
Test_616,0.13,0.03,0.01,0.84
Test_617,0.38,0.08,0.03,0.51
Test_618,0.25,0.1,0.11,0.54
Test_619,0.0,0.08,0.92,0.0
Test_620,0.02,0.09,0.89,0.0
Test_621,0.83,0.02,0.03,0.12
Test_622,0.03,0.26,0.69,0.02
Test_623,0.28,0.11,0.04,0.56
Test_624,0.0,0.34,0.66,0.0
Test_625,0.28,0.07,0.03,0.62
Test_626,0.0,0.17,0.83,0.0
Test_627,0.51,0.11,0.08,0.3
Test_628,0.3,0.04,0.01,0.65
Test_629,0.69,0.02,0.04,0.26
Test_630,0.32,0.06,0.06,0.55
Test_631,0.25,0.05,0.02,0.68
Test_632,0.35,0.08,0.04,0.53
Test_633,0.0,0.04,0.96,0.0
Test_634,0.22,0.12,0.05,0.61
Test_635,0.45,0.03,0.02,0.5
Test_636,0.54,0.04,0.05,0.37
Test_637,0.0,0.02,0.98,0.0
Test_638,0.67,0.04,0.1,0.19
Test_639,0.0,0.0,1.0,0.0
Test_640,0.35,0.07,0.07,0.51
Test_641,0.47,0.06,0.46,0.01
Test_642,0.27,0.16,0.08,0.48
Test_643,0.32,0.11,0.06,0.52
Test_644,0.16,0.12,0.04,0.68
Test_645,0.79,0.06,0.06,0.09
Test_646,0.0,0.0,1.0,0.0
Test_647,0.02,0.46,0.49,0.03
Test_648,0.21,0.03,0.01,0.75
Test_649,0.02,0.19,0.78,0.02
Test_650,0.0,0.0,1.0,0.0
Test_651,0.12,0.08,0.03,0.77
Test_652,0.04,0.42,0.51,0.04
Test_653,0.27,0.11,0.04,0.58
Test_654,0.16,0.11,0.71,0.02
Test_655,0.15,0.09,0.06,0.7
Test_656,0.14,0.04,0.01,0.81
Test_657,0.0,0.03,0.97,0.0
Test_658,0.55,0.04,0.04,0.37
Test_659,0.49,0.04,0.04,0.43
Test_660,0.0,0.14,0.86,0.0
Test_661,0.13,0.04,0.02,0.81
Test_662,0.11,0.02,0.01,0.86
Test_663,0.0,0.0,1.0,0.0
Test_664,0.0,0.02,0.98,0.0
Test_665,0.57,0.06,0.13,0.24
Test_666,0.0,0.38,0.62,0.0
Test_667,0.65,0.03,0.13,0.19
Test_668,0.07,0.13,0.78,0.02
Test_669,0.0,0.1,0.9,0.0
Test_670,0.0,0.05,0.95,0.0
Test_671,0.0,0.06,0.94,0.0
Test_672,0.28,0.05,0.02,0.66
Test_673,0.05,0.2,0.73,0.02
Test_674,0.0,0.0,1.0,0.0
Test_675,0.61,0.03,0.11,0.26
Test_676,0.22,0.08,0.03,0.67
Test_677,0.23,0.07,0.03,0.67
Test_678,0.16,0.02,0.0,0.81
Test_679,0.02,0.23,0.73,0.01
Test_680,0.44,0.05,0.04,0.47
Test_681,0.5,0.05,0.03,0.42
Test_682,0.41,0.09,0.04,0.46
Test_683,0.32,0.06,0.03,0.59
Test_684,0.12,0.11,0.03,0.74
Test_685,0.81,0.05,0.04,0.1
Test_686,0.2,0.14,0.05,0.62
Test_687,0.3,0.04,0.03,0.64
Test_688,0.54,0.1,0.07,0.3
Test_689,0.17,0.05,0.02,0.76
Test_690,0.3,0.02,0.01,0.67
Test_691,0.44,0.02,0.03,0.51
Test_692,0.0,0.28,0.72,0.0
Test_693,0.69,0.08,0.09,0.14
Test_694,0.26,0.2,0.08,0.46
Test_695,0.65,0.05,0.03,0.27
Test_696,0.0,0.02,0.98,0.0
Test_697,0.0,0.03,0.97,0.0
Test_698,0.32,0.03,0.01,0.65
Test_699,0.15,0.03,0.01,0.82
Test_700,0.0,0.01,0.98,0.0
Test_701,0.19,0.06,0.03,0.72
Test_702,0.26,0.08,0.03,0.62
Test_703,0.0,0.09,0.91,0.0
Test_704,0.0,0.0,1.0,0.0
Test_705,0.0,0.06,0.94,0.0
Test_706,0.61,0.04,0.09,0.26
Test_707,0.23,0.07,0.04,0.66
Test_708,0.64,0.06,0.05,0.24
Test_709,0.0,0.0,1.0,0.0
Test_710,0.01,0.11,0.88,0.0
Test_711,0.66,0.08,0.15,0.1
Test_712,0.26,0.19,0.08,0.47
Test_713,0.06,0.29,0.56,0.09
Test_714,0.11,0.25,0.24,0.4
Test_715,0.0,0.01,0.99,0.0
Test_716,0.2,0.07,0.02,0.71
Test_717,0.0,0.1,0.9,0.0
Test_718,0.62,0.05,0.08,0.25
Test_719,0.0,0.1,0.9,0.0
Test_720,0.42,0.05,0.03,0.5
Test_721,0.0,0.09,0.91,0.0
Test_722,0.0,0.0,1.0,0.0
Test_723,0.35,0.09,0.03,0.53
Test_724,0.0,0.21,0.78,0.0
Test_725,0.35,0.1,0.04,0.5
Test_726,0.31,0.07,0.02,0.59
Test_727,0.01,0.08,0.91,0.0
Test_728,0.0,0.06,0.94,0.0
Test_729,0.01,0.13,0.85,0.01
Test_730,0.01,0.2,0.79,0.0
Test_731,0.0,0.0,1.0,0.0
Test_732,0.0,0.1,0.9,0.0
Test_733,0.01,0.17,0.81,0.01
Test_734,0.23,0.08,0.03,0.66
Test_735,0.18,0.18,0.61,0.03
Test_736,0.38,0.06,0.03,0.54
Test_737,0.24,0.05,0.03,0.69
Test_738,0.69,0.03,0.11,0.17
Test_739,0.0,0.01,0.99,0.0
Test_740,0.2,0.07,0.03,0.71
Test_741,0.19,0.1,0.05,0.66
Test_742,0.3,0.04,0.02,0.64
Test_743,0.01,0.32,0.66,0.01
Test_744,0.19,0.03,0.01,0.77
Test_745,0.5,0.07,0.1,0.33
Test_746,0.0,0.01,0.99,0.0
Test_747,0.89,0.02,0.02,0.06
Test_748,0.2,0.19,0.21,0.4
Test_749,0.19,0.04,0.02,0.75
Test_750,0.29,0.09,0.05,0.57
Test_751,0.0,0.05,0.95,0.0
Test_752,0.2,0.06,0.02,0.72
Test_753,0.0,0.01,0.99,0.0
Test_754,0.35,0.04,0.05,0.56
Test_755,0.3,0.08,0.07,0.55
Test_756,0.2,0.05,0.02,0.73
Test_757,0.34,0.1,0.04,0.52
Test_758,0.36,0.02,0.01,0.6
Test_759,0.87,0.03,0.08,0.02
Test_760,0.27,0.26,0.27,0.2
Test_761,0.48,0.13,0.06,0.32
Test_762,0.19,0.26,0.46,0.09
Test_763,0.06,0.05,0.87,0.01
Test_764,0.69,0.03,0.25,0.04
Test_765,0.34,0.1,0.04,0.52
Test_766,0.56,0.05,0.04,0.35
Test_767,0.2,0.02,0.01,0.77
Test_768,0.61,0.09,0.16,0.14
Test_769,0.0,0.01,0.99,0.0
Test_770,0.4,0.02,0.01,0.57
Test_771,0.0,0.01,0.99,0.0
Test_772,0.68,0.05,0.11,0.16
Test_773,0.0,0.0,1.0,0.0
Test_774,0.28,0.05,0.03,0.65
Test_775,0.0,0.0,1.0,0.0
Test_776,0.18,0.09,0.07,0.66
Test_777,0.31,0.14,0.06,0.49
Test_778,0.47,0.12,0.08,0.33
Test_779,0.14,0.04,0.01,0.81
Test_780,0.48,0.05,0.03,0.43
Test_781,0.48,0.04,0.06,0.42
Test_782,0.0,0.38,0.61,0.0
Test_783,0.0,0.0,1.0,0.0
Test_784,0.0,0.07,0.92,0.0
Test_785,0.63,0.03,0.1,0.24
Test_786,0.0,0.09,0.91,0.0
Test_787,0.0,0.04,0.96,0.0
Test_788,0.27,0.11,0.04,0.58
Test_789,0.0,0.07,0.93,0.0
Test_790,0.5,0.14,0.16,0.21
Test_791,0.66,0.01,0.03,0.29
Test_792,0.0,0.03,0.97,0.0
Test_793,0.0,0.0,1.0,0.0
Test_794,0.54,0.05,0.07,0.33
Test_795,0.19,0.1,0.04,0.66
Test_796,0.0,0.05,0.95,0.0
Test_797,0.43,0.07,0.1,0.4
Test_798,0.0,0.02,0.98,0.0
Test_799,0.0,0.0,1.0,0.0
Test_800,0.01,0.16,0.83,0.01
Test_801,0.0,0.19,0.8,0.0
Test_802,0.0,0.02,0.98,0.0
Test_803,0.22,0.07,0.02,0.7
Test_804,0.0,0.07,0.93,0.0
Test_805,0.0,0.02,0.98,0.0
Test_806,0.19,0.15,0.07,0.59
Test_807,0.07,0.3,0.57,0.07
Test_808,0.4,0.14,0.08,0.38
Test_809,0.24,0.11,0.05,0.6
Test_810,0.0,0.08,0.92,0.0
Test_811,0.69,0.03,0.06,0.22
Test_812,0.0,0.14,0.86,0.0
Test_813,0.78,0.03,0.1,0.09
Test_814,0.12,0.04,0.01,0.82
Test_815,0.27,0.09,0.03,0.61
Test_816,0.06,0.24,0.59,0.11
Test_817,0.0,0.0,1.0,0.0
Test_818,0.32,0.02,0.01,0.64
Test_819,0.05,0.22,0.56,0.17
Test_820,0.19,0.05,0.02,0.75
Test_821,0.11,0.05,0.02,0.83
Test_822,0.3,0.1,0.06,0.54
Test_823,0.18,0.04,0.01,0.76
Test_824,0.61,0.06,0.13,0.2
Test_825,0.0,0.01,0.99,0.0
Test_826,0.0,0.03,0.97,0.0
Test_827,0.28,0.19,0.39,0.14
Test_828,0.0,0.03,0.97,0.0
Test_829,0.36,0.08,0.1,0.46
Test_830,0.01,0.17,0.81,0.0
Test_831,0.0,0.06,0.94,0.0
Test_832,0.47,0.05,0.05,0.43
Test_833,0.01,0.22,0.76,0.0
Test_834,0.03,0.19,0.76,0.01
Test_835,0.0,0.05,0.95,0.0
Test_836,0.33,0.13,0.06,0.48
Test_837,0.34,0.09,0.09,0.48
Test_838,0.38,0.06,0.05,0.51
Test_839,0.0,0.3,0.69,0.0
Test_840,0.0,0.02,0.98,0.0
Test_841,0.17,0.1,0.05,0.69
Test_842,0.15,0.04,0.01,0.8
Test_843,0.0,0.01,0.99,0.0
Test_844,0.53,0.11,0.22,0.14
Test_845,0.01,0.29,0.7,0.01
Test_846,0.54,0.04,0.02,0.4
Test_847,0.01,0.14,0.85,0.0
Test_848,0.01,0.03,0.96,0.0
Test_849,0.21,0.06,0.02,0.71
Test_850,0.0,0.04,0.96,0.0
Test_851,0.45,0.02,0.02,0.51
Test_852,0.0,0.11,0.89,0.0
Test_853,0.01,0.24,0.75,0.0
Test_854,0.19,0.04,0.01,0.75
Test_855,0.21,0.11,0.04,0.63
Test_856,0.3,0.15,0.09,0.46
Test_857,0.0,0.07,0.93,0.0
Test_858,0.0,0.03,0.97,0.0
Test_859,0.12,0.09,0.05,0.74
Test_860,0.43,0.05,0.05,0.47
Test_861,0.0,0.11,0.89,0.0
Test_862,0.0,0.09,0.91,0.0
Test_863,0.19,0.16,0.07,0.57
Test_864,0.0,0.03,0.97,0.0
Test_865,0.0,0.14,0.86,0.0
Test_866,0.0,0.06,0.94,0.0
Test_867,0.24,0.13,0.17,0.47
Test_868,0.01,0.24,0.74,0.01
Test_869,0.56,0.07,0.04,0.33
Test_870,0.57,0.08,0.14,0.2
Test_871,0.21,0.03,0.01,0.75
Test_872,0.12,0.35,0.23,0.31
Test_873,0.31,0.09,0.04,0.56
Test_874,0.28,0.14,0.06,0.51
Test_875,0.26,0.1,0.04,0.59
Test_876,0.26,0.03,0.01,0.7
Test_877,0.19,0.12,0.05,0.64
Test_878,0.42,0.05,0.06,0.47
Test_879,0.21,0.17,0.59,0.03
Test_880,0.0,0.0,1.0,0.0
Test_881,0.0,0.0,1.0,0.0
Test_882,0.0,0.07,0.93,0.0
Test_883,0.16,0.11,0.09,0.64
Test_884,0.39,0.13,0.09,0.39
Test_885,0.27,0.13,0.53,0.07
Test_886,0.78,0.01,0.19,0.02
Test_887,0.46,0.11,0.37,0.06
Test_888,0.0,0.06,0.94,0.0
Test_889,0.0,0.01,0.99,0.0
Test_890,0.01,0.17,0.81,0.01
Test_891,0.35,0.04,0.04,0.57
Test_892,0.0,0.09,0.91,0.0
Test_893,0.27,0.17,0.42,0.14
Test_894,0.34,0.06,0.06,0.54
Test_895,0.89,0.02,0.03,0.07
Test_896,0.66,0.05,0.03,0.26
Test_897,0.68,0.07,0.2,0.06
Test_898,0.36,0.03,0.02,0.59
Test_899,0.0,0.09,0.91,0.0
Test_900,0.18,0.06,0.02,0.74
Test_901,0.0,0.0,1.0,0.0
Test_902,0.43,0.06,0.03,0.48
Test_903,0.0,0.0,1.0,0.0
Test_904,0.19,0.03,0.01,0.78
Test_905,0.0,0.0,1.0,0.0
Test_906,0.0,0.05,0.95,0.0
Test_907,0.17,0.1,0.08,0.65
Test_908,0.14,0.04,0.01,0.81
Test_909,0.58,0.05,0.09,0.27
Test_910,0.0,0.07,0.93,0.0
Test_911,0.2,0.07,0.03,0.7
Test_912,0.0,0.04,0.96,0.0
Test_913,0.0,0.13,0.87,0.0
Test_914,0.13,0.04,0.01,0.82
Test_915,0.0,0.02,0.98,0.0
Test_916,0.21,0.16,0.12,0.51
Test_917,0.0,0.07,0.93,0.0
Test_918,0.0,0.18,0.82,0.0
Test_919,0.15,0.11,0.04,0.7
Test_920,0.0,0.17,0.83,0.0
Test_921,0.29,0.18,0.08,0.45
Test_922,0.35,0.06,0.07,0.52
Test_923,0.04,0.33,0.55,0.08
Test_924,0.39,0.04,0.02,0.55
Test_925,0.43,0.07,0.03,0.47
Test_926,0.0,0.01,0.99,0.0
Test_927,0.34,0.06,0.03,0.57
Test_928,0.0,0.01,0.99,0.0
Test_929,0.24,0.09,0.04,0.64
Test_930,0.59,0.14,0.14,0.13
Test_931,0.48,0.08,0.05,0.39
Test_932,0.14,0.23,0.19,0.44
Test_933,0.26,0.08,0.03,0.62
Test_934,0.01,0.09,0.88,0.01
Test_935,0.0,0.0,1.0,0.0
Test_936,0.19,0.03,0.01,0.76
Test_937,0.57,0.06,0.3,0.06
Test_938,0.32,0.07,0.03,0.58
Test_939,0.46,0.08,0.04,0.43
Test_940,0.27,0.07,0.03,0.63
Test_941,0.22,0.04,0.02,0.71
Test_942,0.26,0.15,0.06,0.52
Test_943,0.0,0.0,1.0,0.0
Test_944,0.11,0.08,0.76,0.06
Test_945,0.52,0.07,0.15,0.26
Test_946,0.0,0.25,0.74,0.0
Test_947,0.23,0.04,0.01,0.72
Test_948,0.36,0.14,0.07,0.43
Test_949,0.32,0.14,0.06,0.49
Test_950,0.25,0.09,0.05,0.61
Test_951,0.0,0.07,0.93,0.0
Test_952,0.34,0.09,0.04,0.53
Test_953,0.08,0.05,0.02,0.86
Test_954,0.52,0.03,0.04,0.41
Test_955,0.31,0.03,0.01,0.65
Test_956,0.27,0.05,0.03,0.65
Test_957,0.79,0.06,0.06,0.09
Test_958,0.24,0.1,0.44,0.22
Test_959,0.0,0.01,0.99,0.0
Test_960,0.0,0.04,0.96,0.0
Test_961,0.51,0.08,0.04,0.36
Test_962,0.17,0.16,0.6,0.07
Test_963,0.55,0.06,0.04,0.35
Test_964,0.0,0.0,1.0,0.0
Test_965,0.66,0.07,0.04,0.23
Test_966,0.0,0.03,0.97,0.0
Test_967,0.05,0.28,0.63,0.04
Test_968,0.0,0.01,0.99,0.0
Test_969,0.0,0.11,0.89,0.0
Test_970,0.64,0.06,0.03,0.27
Test_971,0.14,0.03,0.01,0.82
Test_972,0.0,0.02,0.98,0.0
Test_973,0.0,0.0,1.0,0.0
Test_974,0.21,0.04,0.01,0.74
Test_975,0.39,0.09,0.49,0.03
Test_976,0.0,0.03,0.97,0.0
Test_977,0.54,0.07,0.04,0.36
Test_978,0.0,0.1,0.9,0.0
Test_979,0.86,0.02,0.05,0.07
Test_980,0.27,0.22,0.33,0.18
Test_981,0.21,0.03,0.01,0.74
Test_982,0.14,0.03,0.01,0.83
Test_983,0.0,0.0,1.0,0.0
Test_984,0.18,0.08,0.03,0.71
Test_985,0.37,0.09,0.06,0.49
Test_986,0.24,0.1,0.04,0.62
Test_987,0.07,0.34,0.54,0.06
Test_988,0.38,0.05,0.03,0.54
Test_989,0.76,0.02,0.18,0.04
Test_990,0.2,0.18,0.23,0.39
Test_991,0.0,0.04,0.96,0.0
Test_992,0.66,0.08,0.06,0.19
Test_993,0.69,0.02,0.04,0.26
Test_994,0.11,0.22,0.15,0.52
Test_995,0.07,0.32,0.52,0.09
Test_996,0.01,0.16,0.83,0.0
Test_997,0.42,0.08,0.13,0.37
Test_998,0.0,0.07,0.93,0.0
Test_999,0.0,0.21,0.78,0.0
Test_1000,0.0,0.03,0.97,0.0
Test_1001,0.8,0.03,0.03,0.13
Test_1002,0.0,0.04,0.96,0.0
Test_1003,0.14,0.16,0.12,0.58
Test_1004,0.17,0.05,0.02,0.76
Test_1005,0.25,0.08,0.03,0.64
Test_1006,0.0,0.0,1.0,0.0
Test_1007,0.29,0.16,0.07,0.49
Test_1008,0.34,0.04,0.02,0.6
Test_1009,0.0,0.04,0.96,0.0
Test_1010,0.0,0.06,0.94,0.0
Test_1011,0.0,0.0,1.0,0.0
Test_1012,0.26,0.03,0.02,0.68
Test_1013,0.0,0.04,0.96,0.0
Test_1014,0.01,0.27,0.72,0.0
Test_1015,0.33,0.1,0.04,0.53
Test_1016,0.4,0.11,0.44,0.04
Test_1017,0.02,0.17,0.81,0.0
Test_1018,0.16,0.11,0.05,0.67
Test_1019,0.0,0.0,1.0,0.0
Test_1020,0.0,0.01,0.99,0.0
Test_1021,0.27,0.22,0.34,0.17
Test_1022,0.0,0.22,0.78,0.0
Test_1023,0.63,0.06,0.04,0.26
Test_1024,0.23,0.08,0.03,0.67
Test_1025,0.22,0.07,0.02,0.68
Test_1026,0.31,0.21,0.13,0.35
Test_1027,0.14,0.05,0.01,0.8
Test_1028,0.23,0.1,0.05,0.61
Test_1029,0.4,0.12,0.05,0.43
Test_1030,0.32,0.08,0.04,0.57
Test_1031,0.12,0.03,0.01,0.83
Test_1032,0.49,0.1,0.05,0.35
Test_1033,0.0,0.07,0.93,0.0
Test_1034,0.0,0.02,0.98,0.0
Test_1035,0.03,0.11,0.86,0.0
Test_1036,0.38,0.08,0.03,0.52
Test_1037,0.13,0.14,0.7,0.03
Test_1038,0.2,0.09,0.03,0.69
Test_1039,0.22,0.05,0.02,0.72
Test_1040,0.18,0.06,0.02,0.74
Test_1041,0.0,0.08,0.92,0.0
Test_1042,0.08,0.2,0.7,0.02
Test_1043,0.02,0.24,0.73,0.01
Test_1044,0.63,0.11,0.06,0.2
Test_1045,0.0,0.01,0.99,0.0
Test_1046,0.46,0.03,0.01,0.5
Test_1047,0.82,0.03,0.07,0.08
Test_1048,0.15,0.04,0.02,0.79
Test_1049,0.67,0.01,0.02,0.3
Test_1050,0.0,0.09,0.91,0.0
Test_1051,0.52,0.1,0.05,0.33
Test_1052,0.51,0.15,0.15,0.19
Test_1053,0.0,0.01,0.99,0.0
Test_1054,0.28,0.08,0.04,0.6
Test_1055,0.33,0.18,0.19,0.3
Test_1056,0.0,0.02,0.98,0.0
Test_1057,0.31,0.1,0.03,0.55
Test_1058,0.45,0.08,0.11,0.36
Test_1059,0.65,0.04,0.02,0.29
Test_1060,0.46,0.08,0.05,0.41
Test_1061,0.38,0.06,0.02,0.55
Test_1062,0.61,0.03,0.04,0.32
Test_1063,0.0,0.01,0.99,0.0
Test_1064,0.51,0.07,0.05,0.37
Test_1065,0.66,0.01,0.02,0.31
Test_1066,0.14,0.08,0.03,0.75
Test_1067,0.46,0.14,0.35,0.06
Test_1068,0.32,0.1,0.39,0.19
Test_1069,0.29,0.1,0.15,0.47
Test_1070,0.63,0.09,0.08,0.21
Test_1071,0.0,0.02,0.98,0.0
Test_1072,0.82,0.04,0.09,0.05
Test_1073,0.6,0.02,0.02,0.35
Test_1074,0.13,0.04,0.82,0.02
Test_1075,0.0,0.02,0.98,0.0
Test_1076,0.51,0.1,0.06,0.33
Test_1077,0.38,0.07,0.03,0.52
Test_1078,0.0,0.05,0.95,0.0
Test_1079,0.0,0.06,0.94,0.0
Test_1080,0.37,0.19,0.14,0.31
Test_1081,0.0,0.01,0.99,0.0
Test_1082,0.17,0.03,0.01,0.79
Test_1083,0.33,0.13,0.08,0.46
Test_1084,0.0,0.3,0.69,0.01
Test_1085,0.49,0.03,0.02,0.46
Test_1086,0.0,0.13,0.87,0.0
Test_1087,0.23,0.07,0.04,0.67
Test_1088,0.0,0.18,0.82,0.0
Test_1089,0.37,0.13,0.06,0.43
Test_1090,0.18,0.07,0.04,0.71
Test_1091,0.34,0.08,0.03,0.56
Test_1092,0.46,0.09,0.04,0.4
Test_1093,0.22,0.09,0.03,0.66
Test_1094,0.57,0.04,0.08,0.3
Test_1095,0.17,0.13,0.07,0.63
Test_1096,0.28,0.03,0.01,0.67
Test_1097,0.26,0.11,0.05,0.58
Test_1098,0.51,0.08,0.04,0.36
Test_1099,0.21,0.05,0.03,0.72
Test_1100,0.04,0.18,0.76,0.01
Test_1101,0.28,0.06,0.02,0.64
Test_1102,0.0,0.06,0.94,0.0
Test_1103,0.23,0.03,0.01,0.73
Test_1104,0.31,0.09,0.04,0.57
Test_1105,0.16,0.04,0.02,0.79
Test_1106,0.54,0.05,0.08,0.33
Test_1107,0.0,0.0,1.0,0.0
Test_1108,0.37,0.04,0.05,0.53
Test_1109,0.39,0.06,0.02,0.53
Test_1110,0.0,0.0,1.0,0.0
Test_1111,0.0,0.01,0.99,0.0
Test_1112,0.24,0.11,0.05,0.6
Test_1113,0.02,0.14,0.83,0.01
Test_1114,0.0,0.05,0.95,0.0
Test_1115,0.0,0.0,1.0,0.0
Test_1116,0.0,0.0,1.0,0.0
Test_1117,0.32,0.15,0.08,0.44
Test_1118,0.0,0.01,0.99,0.0
Test_1119,0.28,0.13,0.05,0.54
Test_1120,0.0,0.03,0.97,0.0
Test_1121,0.0,0.04,0.96,0.0
Test_1122,0.24,0.08,0.04,0.64
Test_1123,0.29,0.05,0.02,0.65
Test_1124,0.0,0.02,0.98,0.0
Test_1125,0.16,0.18,0.54,0.12
Test_1126,0.2,0.06,0.03,0.71
Test_1127,0.33,0.1,0.04,0.53
Test_1128,0.02,0.03,0.95,0.0
Test_1129,0.0,0.0,1.0,0.0
Test_1130,0.21,0.09,0.03,0.67
Test_1131,0.32,0.1,0.05,0.53
Test_1132,0.32,0.08,0.06,0.54
Test_1133,0.75,0.05,0.04,0.16
Test_1134,0.0,0.07,0.93,0.0
Test_1135,0.33,0.09,0.05,0.53
Test_1136,0.33,0.08,0.03,0.57
Test_1137,0.53,0.11,0.06,0.3
Test_1138,0.3,0.09,0.06,0.56
Test_1139,0.01,0.1,0.88,0.01
Test_1140,0.79,0.03,0.16,0.02
Test_1141,0.13,0.05,0.02,0.81
Test_1142,0.0,0.17,0.83,0.0
Test_1143,0.1,0.38,0.44,0.09
Test_1144,0.0,0.04,0.96,0.0
Test_1145,0.27,0.05,0.02,0.66
Test_1146,0.0,0.0,1.0,0.0
Test_1147,0.35,0.06,0.04,0.55
Test_1148,0.0,0.0,1.0,0.0
Test_1149,0.66,0.09,0.19,0.06
Test_1150,0.3,0.12,0.19,0.39
Test_1151,0.37,0.06,0.03,0.54
Test_1152,0.27,0.14,0.05,0.53
Test_1153,0.16,0.04,0.02,0.78
Test_1154,0.0,0.01,0.99,0.0
Test_1155,0.0,0.02,0.98,0.0
Test_1156,0.61,0.03,0.12,0.24
Test_1157,0.17,0.07,0.02,0.74
Test_1158,0.73,0.07,0.08,0.13
Test_1159,0.0,0.11,0.89,0.0
Test_1160,0.43,0.05,0.07,0.45
Test_1161,0.0,0.12,0.88,0.0
Test_1162,0.28,0.11,0.05,0.57
Test_1163,0.8,0.04,0.05,0.11
Test_1164,0.0,0.02,0.98,0.0
Test_1165,0.0,0.0,1.0,0.0
Test_1166,0.25,0.06,0.02,0.68
Test_1167,0.0,0.03,0.97,0.0
Test_1168,0.0,0.01,0.99,0.0
Test_1169,0.31,0.12,0.05,0.52
Test_1170,0.28,0.19,0.25,0.28
Test_1171,0.3,0.07,0.02,0.6
Test_1172,0.81,0.01,0.02,0.16
Test_1173,0.51,0.04,0.04,0.41
Test_1174,0.17,0.09,0.03,0.72
Test_1175,0.0,0.02,0.98,0.0
Test_1176,0.43,0.02,0.02,0.53
Test_1177,0.18,0.05,0.01,0.75
Test_1178,0.7,0.07,0.07,0.16
Test_1179,0.0,0.04,0.96,0.0
Test_1180,0.27,0.14,0.07,0.53
Test_1181,0.0,0.1,0.9,0.0
Test_1182,0.14,0.03,0.01,0.82
Test_1183,0.57,0.06,0.07,0.3
Test_1184,0.0,0.1,0.89,0.0
Test_1185,0.0,0.01,0.99,0.0
Test_1186,0.0,0.01,0.99,0.0
Test_1187,0.18,0.06,0.02,0.74
Test_1188,0.36,0.09,0.04,0.51
Test_1189,0.25,0.14,0.44,0.16
Test_1190,0.0,0.09,0.91,0.0
Test_1191,0.35,0.04,0.02,0.59
Test_1192,0.0,0.01,0.99,0.0
Test_1193,0.01,0.13,0.85,0.01
Test_1194,0.41,0.1,0.05,0.44
Test_1195,0.21,0.04,0.02,0.74
Test_1196,0.09,0.17,0.17,0.57
Test_1197,0.33,0.06,0.02,0.6
Test_1198,0.0,0.12,0.88,0.0
Test_1199,0.0,0.01,0.99,0.0
Test_1200,0.58,0.03,0.38,0.01
Test_1201,0.15,0.06,0.03,0.77
Test_1202,0.27,0.14,0.29,0.3
Test_1203,0.5,0.08,0.04,0.38
Test_1204,0.0,0.16,0.84,0.0
Test_1205,0.0,0.06,0.94,0.0
Test_1206,0.01,0.31,0.67,0.01
Test_1207,0.64,0.07,0.06,0.23
Test_1208,0.2,0.12,0.04,0.65
Test_1209,0.0,0.03,0.97,0.0
Test_1210,0.15,0.03,0.01,0.81
Test_1211,0.37,0.09,0.04,0.5
Test_1212,0.2,0.05,0.02,0.73
Test_1213,0.17,0.07,0.03,0.72
Test_1214,0.24,0.09,0.03,0.64
Test_1215,0.18,0.03,0.01,0.78
Test_1216,0.0,0.04,0.96,0.0
Test_1217,0.05,0.14,0.77,0.05
Test_1218,0.2,0.07,0.03,0.7
Test_1219,0.0,0.13,0.86,0.0
Test_1220,0.18,0.1,0.03,0.69
Test_1221,0.26,0.14,0.05,0.55
Test_1222,0.0,0.0,1.0,0.0
Test_1223,0.19,0.03,0.01,0.76
Test_1224,0.0,0.0,1.0,0.0
Test_1225,0.0,0.05,0.95,0.0
Test_1226,0.0,0.26,0.73,0.0
Test_1227,0.74,0.04,0.14,0.07
Test_1228,0.78,0.02,0.19,0.02
Test_1229,0.37,0.04,0.03,0.56
Test_1230,0.15,0.32,0.43,0.11
Test_1231,0.77,0.04,0.09,0.11
Test_1232,0.47,0.1,0.06,0.37
Test_1233,0.0,0.04,0.96,0.0
Test_1234,0.0,0.15,0.85,0.0
Test_1235,0.84,0.03,0.06,0.07
Test_1236,0.2,0.07,0.03,0.7
Test_1237,0.0,0.06,0.94,0.0
Test_1238,0.0,0.01,0.99,0.0
Test_1239,0.33,0.04,0.02,0.62
Test_1240,0.0,0.09,0.91,0.0
Test_1241,0.1,0.02,0.01,0.87
Test_1242,0.18,0.06,0.02,0.74
Test_1243,0.0,0.0,1.0,0.0
Test_1244,0.23,0.04,0.01,0.72
Test_1245,0.08,0.02,0.01,0.89
Test_1246,0.15,0.08,0.05,0.72
Test_1247,0.0,0.0,1.0,0.0
Test_1248,0.0,0.0,1.0,0.0
Test_1249,0.0,0.05,0.95,0.0
Test_1250,0.37,0.1,0.07,0.46
Test_1251,0.22,0.03,0.01,0.74
Test_1252,0.0,0.12,0.88,0.0
Test_1253,0.27,0.07,0.03,0.64
Test_1254,0.39,0.06,0.16,0.39
Test_1255,0.39,0.04,0.03,0.54
Test_1256,0.0,0.0,1.0,0.0
Test_1257,0.37,0.05,0.03,0.55
Test_1258,0.37,0.04,0.02,0.57
Test_1259,0.42,0.1,0.04,0.44
Test_1260,0.57,0.05,0.14,0.24
Test_1261,0.0,0.01,0.99,0.0
Test_1262,0.21,0.14,0.06,0.58
Test_1263,0.0,0.03,0.97,0.0
Test_1264,0.63,0.04,0.03,0.3
Test_1265,0.14,0.02,0.01,0.84
Test_1266,0.0,0.15,0.84,0.0
Test_1267,0.25,0.08,0.04,0.63
Test_1268,0.07,0.11,0.78,0.04
Test_1269,0.0,0.01,0.99,0.0
Test_1270,0.0,0.02,0.98,0.0
Test_1271,0.18,0.06,0.03,0.73
Test_1272,0.02,0.09,0.88,0.01
Test_1273,0.45,0.06,0.08,0.41
Test_1274,0.49,0.03,0.03,0.46
Test_1275,0.0,0.09,0.9,0.0
Test_1276,0.22,0.05,0.02,0.71
Test_1277,0.0,0.0,1.0,0.0
Test_1278,0.35,0.02,0.02,0.6
Test_1279,0.23,0.03,0.01,0.73
Test_1280,0.0,0.02,0.98,0.0
Test_1281,0.0,0.06,0.94,0.0
Test_1282,0.59,0.03,0.03,0.35
Test_1283,0.0,0.02,0.98,0.0
Test_1284,0.24,0.14,0.05,0.57
Test_1285,0.53,0.1,0.24,0.12
Test_1286,0.24,0.11,0.04,0.61
Test_1287,0.6,0.04,0.08,0.28
Test_1288,0.37,0.08,0.07,0.49
Test_1289,0.43,0.02,0.02,0.52
Test_1290,0.23,0.16,0.09,0.53
Test_1291,0.34,0.07,0.02,0.57
Test_1292,0.0,0.02,0.98,0.0
Test_1293,0.13,0.15,0.61,0.11
Test_1294,0.43,0.13,0.06,0.38
Test_1295,0.0,0.03,0.97,0.0
Test_1296,0.49,0.05,0.05,0.42
Test_1297,0.18,0.11,0.04,0.67
Test_1298,0.0,0.06,0.94,0.0
Test_1299,0.0,0.0,1.0,0.0
Test_1300,0.0,0.01,0.99,0.0
Test_1301,0.0,0.01,0.99,0.0
Test_1302,0.15,0.09,0.05,0.71
Test_1303,0.0,0.27,0.73,0.0
Test_1304,0.0,0.02,0.98,0.0
Test_1305,0.4,0.08,0.5,0.02
Test_1306,0.2,0.12,0.05,0.63
Test_1307,0.0,0.0,1.0,0.0
Test_1308,0.19,0.07,0.04,0.71
Test_1309,0.3,0.07,0.04,0.59
Test_1310,0.28,0.06,0.05,0.6
Test_1311,0.21,0.08,0.03,0.68
Test_1312,0.31,0.02,0.01,0.66
Test_1313,0.07,0.26,0.59,0.09
Test_1314,0.1,0.22,0.59,0.09
Test_1315,0.39,0.05,0.04,0.53
Test_1316,0.4,0.03,0.01,0.55
Test_1317,0.5,0.13,0.09,0.28
Test_1318,0.79,0.05,0.08,0.09
Test_1319,0.0,0.09,0.91,0.0
Test_1320,0.17,0.04,0.01,0.78
Test_1321,0.04,0.26,0.67,0.03
Test_1322,0.78,0.02,0.04,0.16
Test_1323,0.0,0.0,1.0,0.0
Test_1324,0.43,0.13,0.05,0.39
Test_1325,0.25,0.07,0.02,0.66
Test_1326,0.22,0.03,0.01,0.73
Test_1327,0.0,0.08,0.92,0.0
Test_1328,0.6,0.06,0.2,0.14
Test_1329,0.0,0.04,0.96,0.0
Test_1330,0.37,0.06,0.05,0.52
Test_1331,0.0,0.05,0.95,0.0
Test_1332,0.16,0.12,0.05,0.67
Test_1333,0.28,0.09,0.05,0.58
Test_1334,0.24,0.04,0.02,0.7
Test_1335,0.0,0.0,1.0,0.0
Test_1336,0.0,0.38,0.61,0.0
Test_1337,0.33,0.07,0.57,0.02
Test_1338,0.0,0.04,0.96,0.0
Test_1339,0.28,0.09,0.03,0.6
Test_1340,0.48,0.04,0.02,0.46
Test_1341,0.01,0.09,0.9,0.0
Test_1342,0.01,0.23,0.75,0.01
Test_1343,0.16,0.04,0.01,0.79
Test_1344,0.13,0.2,0.61,0.06
Test_1345,0.02,0.11,0.87,0.0
Test_1346,0.62,0.07,0.11,0.2
Test_1347,0.24,0.11,0.04,0.61
Test_1348,0.07,0.2,0.64,0.09
Test_1349,0.0,0.04,0.96,0.0
Test_1350,0.33,0.07,0.03,0.56
Test_1351,0.0,0.02,0.98,0.0
Test_1352,0.0,0.05,0.95,0.0
Test_1353,0.39,0.06,0.02,0.53
Test_1354,0.28,0.13,0.07,0.51
Test_1355,0.53,0.07,0.03,0.37
Test_1356,0.18,0.03,0.01,0.78
Test_1357,0.0,0.0,1.0,0.0
Test_1358,0.25,0.11,0.04,0.6
Test_1359,0.73,0.04,0.07,0.16
Test_1360,0.07,0.24,0.67,0.02
Test_1361,0.0,0.0,1.0,0.0
Test_1362,0.0,0.01,0.99,0.0
Test_1363,0.01,0.19,0.8,0.0
Test_1364,0.0,0.01,0.99,0.0
Test_1365,0.61,0.03,0.04,0.32
Test_1366,0.26,0.03,0.02,0.68
Test_1367,0.0,0.05,0.95,0.0
Test_1368,0.0,0.07,0.93,0.0
Test_1369,0.57,0.03,0.03,0.38
Test_1370,0.0,0.08,0.92,0.0
Test_1371,0.25,0.07,0.02,0.66
Test_1372,0.34,0.07,0.04,0.54
Test_1373,0.26,0.04,0.02,0.68
Test_1374,0.0,0.0,1.0,0.0
Test_1375,0.49,0.08,0.11,0.31
Test_1376,0.21,0.05,0.02,0.73
Test_1377,0.01,0.12,0.87,0.0
Test_1378,0.6,0.08,0.28,0.05
Test_1379,0.0,0.02,0.98,0.0
Test_1380,0.11,0.16,0.72,0.01
Test_1381,0.51,0.09,0.05,0.36
Test_1382,0.0,0.03,0.97,0.0
Test_1383,0.08,0.04,0.01,0.87
Test_1384,0.26,0.08,0.03,0.63
Test_1385,0.13,0.04,0.02,0.81
Test_1386,0.2,0.14,0.64,0.02
Test_1387,0.19,0.05,0.02,0.73
Test_1388,0.0,0.0,1.0,0.0
Test_1389,0.05,0.27,0.5,0.17
Test_1390,0.47,0.16,0.29,0.09
Test_1391,0.0,0.01,0.99,0.0
Test_1392,0.0,0.02,0.98,0.0
Test_1393,0.0,0.05,0.95,0.0
Test_1394,0.24,0.08,0.07,0.61
Test_1395,0.0,0.13,0.87,0.0
Test_1396,0.0,0.12,0.88,0.0
Test_1397,0.0,0.07,0.93,0.0
Test_1398,0.0,0.02,0.98,0.0
Test_1399,0.0,0.0,1.0,0.0
Test_1400,0.27,0.13,0.05,0.54
Test_1401,0.3,0.08,0.03,0.59
Test_1402,0.37,0.06,0.04,0.53
Test_1403,0.0,0.02,0.98,0.0
Test_1404,0.0,0.02,0.98,0.0
Test_1405,0.0,0.01,0.99,0.0
Test_1406,0.0,0.01,0.99,0.0
Test_1407,0.15,0.09,0.03,0.73
Test_1408,0.47,0.04,0.04,0.45
Test_1409,0.41,0.15,0.36,0.07
Test_1410,0.0,0.19,0.81,0.0
Test_1411,0.16,0.12,0.11,0.61
Test_1412,0.42,0.11,0.06,0.42
Test_1413,0.23,0.05,0.02,0.7
Test_1414,0.0,0.01,0.99,0.0
Test_1415,0.41,0.19,0.17,0.23
Test_1416,0.51,0.05,0.15,0.28
Test_1417,0.16,0.07,0.02,0.74
Test_1418,0.55,0.04,0.05,0.35
Test_1419,0.0,0.01,0.99,0.0
Test_1420,0.18,0.26,0.37,0.19
Test_1421,0.22,0.07,0.02,0.69
Test_1422,0.0,0.04,0.96,0.0
Test_1423,0.0,0.05,0.95,0.0
Test_1424,0.31,0.1,0.03,0.56
Test_1425,0.01,0.15,0.83,0.01
Test_1426,0.13,0.06,0.8,0.01
Test_1427,0.18,0.07,0.03,0.72
Test_1428,0.35,0.15,0.05,0.45
Test_1429,0.2,0.15,0.06,0.59
Test_1430,0.17,0.05,0.02,0.76
Test_1431,0.31,0.06,0.02,0.61
Test_1432,0.0,0.19,0.81,0.0
Test_1433,0.0,0.0,1.0,0.0
Test_1434,0.0,0.3,0.7,0.0
Test_1435,0.18,0.11,0.04,0.66
Test_1436,0.0,0.02,0.98,0.0
Test_1437,0.01,0.07,0.91,0.0
Test_1438,0.0,0.02,0.98,0.0
Test_1439,0.54,0.03,0.02,0.41
Test_1440,0.04,0.37,0.45,0.15
Test_1441,0.0,0.05,0.95,0.0
Test_1442,0.29,0.11,0.1,0.49
Test_1443,0.16,0.04,0.01,0.78
Test_1444,0.0,0.0,1.0,0.0
Test_1445,0.23,0.02,0.01,0.74
Test_1446,0.44,0.09,0.06,0.4
Test_1447,0.28,0.06,0.03,0.63
Test_1448,0.38,0.03,0.01,0.59
Test_1449,0.0,0.08,0.92,0.0
Test_1450,0.74,0.04,0.05,0.17
Test_1451,0.25,0.1,0.03,0.63
Test_1452,0.2,0.07,0.03,0.69
Test_1453,0.01,0.1,0.89,0.0
Test_1454,0.45,0.02,0.02,0.51
Test_1455,0.23,0.17,0.08,0.52
Test_1456,0.16,0.02,0.82,0.0
Test_1457,0.03,0.08,0.89,0.0
Test_1458,0.11,0.12,0.08,0.69
Test_1459,0.0,0.02,0.98,0.0
Test_1460,0.0,0.0,1.0,0.0
Test_1461,0.0,0.01,0.99,0.0
Test_1462,0.01,0.15,0.84,0.0
Test_1463,0.01,0.12,0.87,0.0
Test_1464,0.0,0.02,0.98,0.0
Test_1465,0.0,0.18,0.82,0.0
Test_1466,0.39,0.06,0.15,0.4
Test_1467,0.39,0.03,0.03,0.54
Test_1468,0.21,0.19,0.09,0.52
Test_1469,0.34,0.08,0.05,0.53
Test_1470,0.09,0.13,0.05,0.73
Test_1471,0.0,0.03,0.96,0.0
Test_1472,0.0,0.01,0.99,0.0
Test_1473,0.7,0.04,0.02,0.25
Test_1474,0.01,0.19,0.79,0.01
Test_1475,0.0,0.03,0.97,0.0
Test_1476,0.21,0.1,0.04,0.66
Test_1477,0.16,0.14,0.05,0.65
Test_1478,0.0,0.0,1.0,0.0
Test_1479,0.18,0.08,0.03,0.71
Test_1480,0.0,0.01,0.99,0.0
Test_1481,0.2,0.03,0.01,0.76
Test_1482,0.29,0.14,0.14,0.43
Test_1483,0.16,0.05,0.02,0.77
Test_1484,0.4,0.16,0.18,0.26
Test_1485,0.51,0.03,0.02,0.44
Test_1486,0.0,0.01,0.99,0.0
Test_1487,0.0,0.02,0.98,0.0
Test_1488,0.0,0.0,1.0,0.0
Test_1489,0.0,0.08,0.92,0.0
Test_1490,0.26,0.12,0.06,0.55
Test_1491,0.01,0.16,0.82,0.0
Test_1492,0.0,0.0,1.0,0.0
Test_1493,0.39,0.19,0.22,0.21
Test_1494,0.73,0.06,0.14,0.07
Test_1495,0.63,0.03,0.03,0.31
Test_1496,0.23,0.13,0.06,0.58
Test_1497,0.48,0.06,0.05,0.41
Test_1498,0.22,0.06,0.02,0.7
Test_1499,0.01,0.06,0.93,0.0
Test_1500,0.47,0.11,0.07,0.36
Test_1501,0.53,0.12,0.09,0.27
Test_1502,0.18,0.03,0.01,0.78
Test_1503,0.76,0.03,0.03,0.18
Test_1504,0.0,0.02,0.98,0.0
Test_1505,0.0,0.17,0.83,0.0
Test_1506,0.22,0.24,0.11,0.43
Test_1507,0.22,0.07,0.03,0.68
Test_1508,0.07,0.07,0.85,0.01
Test_1509,0.33,0.18,0.12,0.37
Test_1510,0.0,0.18,0.82,0.0
Test_1511,0.13,0.06,0.02,0.79
Test_1512,0.01,0.21,0.77,0.01
Test_1513,0.0,0.18,0.81,0.0
Test_1514,0.0,0.02,0.98,0.0
Test_1515,0.0,0.02,0.98,0.0
Test_1516,0.27,0.05,0.02,0.66
Test_1517,0.0,0.03,0.97,0.0
Test_1518,0.14,0.02,0.01,0.83
Test_1519,0.27,0.11,0.04,0.58
Test_1520,0.23,0.09,0.05,0.63
Test_1521,0.46,0.03,0.01,0.5
Test_1522,0.0,0.22,0.78,0.0
Test_1523,0.16,0.03,0.01,0.8
Test_1524,0.69,0.05,0.08,0.18
Test_1525,0.72,0.03,0.19,0.05
Test_1526,0.3,0.09,0.04,0.57
Test_1527,0.07,0.08,0.85,0.0
Test_1528,0.21,0.12,0.04,0.63
Test_1529,0.0,0.01,0.99,0.0
Test_1530,0.47,0.09,0.05,0.39
Test_1531,0.0,0.01,0.99,0.0
Test_1532,0.62,0.05,0.08,0.25
Test_1533,0.0,0.06,0.94,0.0
Test_1534,0.39,0.08,0.05,0.48
Test_1535,0.0,0.09,0.91,0.0
Test_1536,0.01,0.13,0.86,0.0
Test_1537,0.17,0.03,0.01,0.79
Test_1538,0.0,0.01,0.99,0.0
Test_1539,0.0,0.0,1.0,0.0
Test_1540,0.19,0.07,0.08,0.66
Test_1541,0.72,0.04,0.02,0.22
Test_1542,0.31,0.03,0.01,0.65
Test_1543,0.0,0.0,1.0,0.0
Test_1544,0.4,0.04,0.05,0.51
Test_1545,0.13,0.07,0.02,0.78
Test_1546,0.15,0.19,0.57,0.09
Test_1547,0.44,0.03,0.04,0.49
Test_1548,0.58,0.08,0.15,0.18
Test_1549,0.38,0.09,0.08,0.45
Test_1550,0.29,0.09,0.04,0.59
Test_1551,0.16,0.04,0.01,0.78
Test_1552,0.25,0.12,0.08,0.55
Test_1553,0.41,0.09,0.04,0.46
Test_1554,0.0,0.0,1.0,0.0
Test_1555,0.1,0.34,0.32,0.24
Test_1556,0.0,0.0,1.0,0.0
Test_1557,0.47,0.03,0.02,0.49
Test_1558,0.06,0.03,0.91,0.0
Test_1559,0.0,0.02,0.98,0.0
Test_1560,0.22,0.12,0.05,0.61
Test_1561,0.21,0.17,0.55,0.07
Test_1562,0.0,0.12,0.88,0.0
Test_1563,0.0,0.01,0.99,0.0
Test_1564,0.0,0.05,0.95,0.0
Test_1565,0.0,0.31,0.69,0.0
Test_1566,0.19,0.1,0.04,0.67
Test_1567,0.0,0.01,0.99,0.0
Test_1568,0.0,0.17,0.82,0.0
Test_1569,0.0,0.05,0.95,0.0
Test_1570,0.19,0.08,0.05,0.68
Test_1571,0.0,0.03,0.97,0.0
Test_1572,0.0,0.02,0.98,0.0
Test_1573,0.0,0.07,0.93,0.0
Test_1574,0.14,0.24,0.57,0.05
Test_1575,0.0,0.0,1.0,0.0
Test_1576,0.33,0.04,0.05,0.58
Test_1577,0.0,0.01,0.99,0.0
Test_1578,0.0,0.05,0.95,0.0
Test_1579,0.41,0.15,0.24,0.21
Test_1580,0.52,0.04,0.06,0.39
Test_1581,0.24,0.15,0.06,0.55
Test_1582,0.0,0.0,1.0,0.0
Test_1583,0.0,0.0,1.0,0.0
Test_1584,0.24,0.03,0.02,0.71
Test_1585,0.0,0.07,0.93,0.0
Test_1586,0.02,0.08,0.9,0.0
Test_1587,0.0,0.1,0.9,0.0
Test_1588,0.7,0.06,0.12,0.12
Test_1589,0.0,0.0,1.0,0.0
Test_1590,0.0,0.14,0.86,0.0
Test_1591,0.19,0.1,0.03,0.68
Test_1592,0.27,0.03,0.01,0.68
Test_1593,0.19,0.09,0.04,0.67
Test_1594,0.28,0.11,0.1,0.52
Test_1595,0.09,0.07,0.84,0.01
Test_1596,0.26,0.12,0.1,0.53
Test_1597,0.0,0.03,0.97,0.0
Test_1598,0.22,0.08,0.03,0.67
Test_1599,0.0,0.04,0.96,0.0
Test_1600,0.48,0.07,0.04,0.42
Test_1601,0.33,0.13,0.07,0.47
Test_1602,0.35,0.09,0.04,0.52
Test_1603,0.0,0.01,0.99,0.0
Test_1604,0.0,0.02,0.98,0.0
Test_1605,0.72,0.03,0.09,0.16
Test_1606,0.0,0.09,0.91,0.0
Test_1607,0.22,0.04,0.01,0.73
Test_1608,0.0,0.02,0.98,0.0
Test_1609,0.01,0.1,0.89,0.0
Test_1610,0.28,0.06,0.04,0.63
Test_1611,0.27,0.07,0.02,0.64
Test_1612,0.0,0.2,0.8,0.0
Test_1613,0.03,0.36,0.58,0.02
Test_1614,0.0,0.19,0.81,0.0
Test_1615,0.16,0.06,0.02,0.76
Test_1616,0.0,0.03,0.97,0.0
Test_1617,0.0,0.08,0.92,0.0
Test_1618,0.34,0.04,0.02,0.6
Test_1619,0.18,0.04,0.02,0.76
Test_1620,0.0,0.02,0.98,0.0
Test_1621,0.14,0.12,0.04,0.7
Test_1622,0.21,0.07,0.03,0.7
Test_1623,0.59,0.02,0.02,0.37
Test_1624,0.22,0.06,0.03,0.7
Test_1625,0.0,0.04,0.96,0.0
Test_1626,0.0,0.07,0.93,0.0
Test_1627,0.0,0.12,0.88,0.0
Test_1628,0.0,0.01,0.99,0.0
Test_1629,0.31,0.18,0.09,0.41
Test_1630,0.17,0.11,0.04,0.68
Test_1631,0.0,0.04,0.96,0.0
Test_1632,0.2,0.15,0.55,0.1
Test_1633,0.0,0.01,0.99,0.0
Test_1634,0.0,0.03,0.97,0.0
Test_1635,0.0,0.13,0.87,0.0
Test_1636,0.0,0.08,0.92,0.0
Test_1637,0.05,0.06,0.88,0.01
Test_1638,0.64,0.04,0.13,0.19
Test_1639,0.7,0.08,0.08,0.14
Test_1640,0.59,0.06,0.04,0.3
Test_1641,0.15,0.03,0.01,0.82
Test_1642,0.68,0.02,0.04,0.27
Test_1643,0.31,0.06,0.62,0.01
Test_1644,0.0,0.0,1.0,0.0
Test_1645,0.0,0.0,1.0,0.0
Test_1646,0.0,0.0,1.0,0.0
Test_1647,0.29,0.17,0.11,0.43
Test_1648,0.0,0.01,0.99,0.0
Test_1649,0.0,0.01,0.99,0.0
Test_1650,0.0,0.02,0.98,0.0
Test_1651,0.58,0.03,0.05,0.35
Test_1652,0.0,0.01,0.99,0.0
Test_1653,0.0,0.14,0.85,0.01
Test_1654,0.0,0.11,0.89,0.0
Test_1655,0.19,0.05,0.02,0.74
Test_1656,0.31,0.19,0.26,0.24
Test_1657,0.18,0.15,0.6,0.07
Test_1658,0.0,0.06,0.94,0.0
Test_1659,0.0,0.04,0.96,0.0
Test_1660,0.12,0.04,0.01,0.82
Test_1661,0.02,0.1,0.88,0.01
Test_1662,0.2,0.04,0.01,0.75
Test_1663,0.0,0.07,0.93,0.0
Test_1664,0.16,0.12,0.04,0.68
Test_1665,0.01,0.35,0.62,0.01
Test_1666,0.0,0.0,1.0,0.0
Test_1667,0.25,0.06,0.03,0.66
Test_1668,0.33,0.08,0.06,0.53
Test_1669,0.0,0.01,0.99,0.0
Test_1670,0.84,0.04,0.05,0.07
Test_1671,0.0,0.07,0.93,0.0
Test_1672,0.59,0.05,0.03,0.33
Test_1673,0.22,0.07,0.04,0.67
Test_1674,0.18,0.12,0.04,0.67
Test_1675,0.75,0.03,0.12,0.1
Test_1676,0.42,0.05,0.03,0.5
Test_1677,0.69,0.1,0.12,0.09
Test_1678,0.0,0.49,0.51,0.0
Test_1679,0.18,0.08,0.03,0.71
Test_1680,0.31,0.06,0.02,0.61
Test_1681,0.78,0.04,0.14,0.05
Test_1682,0.0,0.01,0.99,0.0
Test_1683,0.0,0.13,0.87,0.0
Test_1684,0.31,0.07,0.03,0.6
Test_1685,0.25,0.13,0.05,0.56
Test_1686,0.23,0.03,0.02,0.72
Test_1687,0.08,0.29,0.43,0.19
Test_1688,0.0,0.0,1.0,0.0
Test_1689,0.47,0.09,0.05,0.39
Test_1690,0.56,0.06,0.08,0.3
Test_1691,0.32,0.06,0.03,0.59
Test_1692,0.01,0.11,0.88,0.0
Test_1693,0.16,0.07,0.02,0.74
Test_1694,0.0,0.0,1.0,0.0
Test_1695,0.0,0.01,0.99,0.0
Test_1696,0.44,0.04,0.06,0.47
Test_1697,0.0,0.03,0.97,0.0
Test_1698,0.05,0.21,0.68,0.06
Test_1699,0.25,0.07,0.03,0.65
Test_1700,0.7,0.03,0.1,0.18
Test_1701,0.0,0.05,0.95,0.0
Test_1702,0.0,0.18,0.81,0.0
Test_1703,0.04,0.16,0.78,0.02
Test_1704,0.79,0.02,0.07,0.13
Test_1705,0.0,0.15,0.85,0.0
Test_1706,0.38,0.13,0.05,0.44
Test_1707,0.02,0.07,0.91,0.0
Test_1708,0.01,0.47,0.51,0.02
Test_1709,0.0,0.01,0.99,0.0
Test_1710,0.0,0.04,0.96,0.0
Test_1711,0.34,0.15,0.12,0.39
Test_1712,0.0,0.01,0.99,0.0
Test_1713,0.0,0.05,0.95,0.0
Test_1714,0.88,0.03,0.05,0.05
Test_1715,0.37,0.05,0.03,0.54
Test_1716,0.14,0.07,0.02,0.77
Test_1717,0.19,0.08,0.03,0.71
Test_1718,0.2,0.07,0.03,0.69
Test_1719,0.0,0.02,0.98,0.0
Test_1720,0.0,0.03,0.97,0.0
Test_1721,0.0,0.12,0.88,0.0
Test_1722,0.0,0.01,0.99,0.0
Test_1723,0.73,0.01,0.01,0.25
Test_1724,0.0,0.08,0.92,0.0
Test_1725,0.0,0.0,1.0,0.0
Test_1726,0.79,0.06,0.08,0.07
Test_1727,0.67,0.08,0.05,0.19
Test_1728,0.12,0.28,0.15,0.44
Test_1729,0.0,0.07,0.92,0.0
Test_1730,0.32,0.14,0.08,0.46
Test_1731,0.0,0.08,0.92,0.0
Test_1732,0.0,0.04,0.96,0.0
Test_1733,0.68,0.03,0.15,0.14
Test_1734,0.0,0.02,0.98,0.0
Test_1735,0.0,0.03,0.97,0.0
Test_1736,0.0,0.15,0.85,0.0
Test_1737,0.21,0.05,0.02,0.72
Test_1738,0.19,0.07,0.03,0.71
Test_1739,0.05,0.17,0.76,0.02
Test_1740,0.0,0.0,1.0,0.0
Test_1741,0.39,0.06,0.02,0.53
Test_1742,0.0,0.04,0.96,0.0
Test_1743,0.09,0.22,0.62,0.08
Test_1744,0.0,0.0,1.0,0.0
Test_1745,0.0,0.03,0.97,0.0
Test_1746,0.0,0.19,0.81,0.0
Test_1747,0.22,0.06,0.02,0.7
Test_1748,0.02,0.16,0.82,0.0
Test_1749,0.0,0.09,0.91,0.0
Test_1750,0.17,0.03,0.01,0.79
Test_1751,0.46,0.04,0.05,0.45
Test_1752,0.2,0.04,0.02,0.75
Test_1753,0.32,0.07,0.03,0.58
Test_1754,0.24,0.07,0.03,0.66
Test_1755,0.0,0.14,0.86,0.0
Test_1756,0.0,0.17,0.83,0.0
Test_1757,0.2,0.11,0.04,0.64
Test_1758,0.53,0.05,0.06,0.37
Test_1759,0.26,0.03,0.02,0.68
Test_1760,0.0,0.07,0.93,0.0
Test_1761,0.32,0.07,0.03,0.58
Test_1762,0.28,0.13,0.08,0.51
Test_1763,0.0,0.03,0.97,0.0
Test_1764,0.0,0.03,0.97,0.0
Test_1765,0.22,0.18,0.07,0.53
Test_1766,0.58,0.12,0.16,0.14
Test_1767,0.0,0.09,0.9,0.0
Test_1768,0.0,0.11,0.89,0.0
Test_1769,0.74,0.02,0.03,0.21
Test_1770,0.21,0.05,0.01,0.73
Test_1771,0.0,0.0,1.0,0.0
Test_1772,0.0,0.02,0.98,0.0
Test_1773,0.12,0.27,0.17,0.44
Test_1774,0.67,0.04,0.03,0.25
Test_1775,0.12,0.16,0.65,0.07
Test_1776,0.14,0.04,0.01,0.8
Test_1777,0.0,0.01,0.99,0.0
Test_1778,0.24,0.12,0.05,0.59
Test_1779,0.0,0.02,0.98,0.0
Test_1780,0.4,0.14,0.26,0.2
Test_1781,0.0,0.33,0.66,0.0
Test_1782,0.0,0.04,0.96,0.0
Test_1783,0.01,0.3,0.68,0.01
Test_1784,0.0,0.1,0.89,0.01
Test_1785,0.32,0.12,0.06,0.5
Test_1786,0.48,0.06,0.03,0.43
Test_1787,0.19,0.05,0.01,0.75
Test_1788,0.41,0.05,0.07,0.47
Test_1789,0.54,0.03,0.03,0.41
Test_1790,0.36,0.03,0.02,0.59
Test_1791,0.32,0.08,0.03,0.57
Test_1792,0.0,0.05,0.95,0.0
Test_1793,0.0,0.12,0.88,0.0
Test_1794,0.0,0.0,1.0,0.0
Test_1795,0.17,0.04,0.02,0.78
Test_1796,0.0,0.05,0.95,0.0
Test_1797,0.19,0.2,0.53,0.09
Test_1798,0.32,0.11,0.04,0.52
Test_1799,0.24,0.12,0.04,0.59
Test_1800,0.72,0.04,0.09,0.14
Test_1801,0.26,0.17,0.07,0.5
Test_1802,0.0,0.08,0.92,0.0
Test_1803,0.01,0.06,0.94,0.0
Test_1804,0.0,0.16,0.84,0.0
Test_1805,0.2,0.1,0.05,0.65
Test_1806,0.15,0.12,0.04,0.69
Test_1807,0.46,0.04,0.03,0.48
Test_1808,0.44,0.05,0.06,0.45
Test_1809,0.22,0.04,0.02,0.72
Test_1810,0.01,0.17,0.81,0.01
Test_1811,0.82,0.03,0.06,0.09
Test_1812,0.0,0.03,0.97,0.0
Test_1813,0.18,0.07,0.03,0.73
Test_1814,0.0,0.08,0.92,0.0
Test_1815,0.0,0.03,0.97,0.0
Test_1816,0.0,0.17,0.83,0.0
Test_1817,0.36,0.05,0.04,0.55
Test_1818,0.0,0.11,0.89,0.0
Test_1819,0.45,0.02,0.02,0.51
Test_1820,0.66,0.08,0.04,0.22
